sample	type1	histology	PC1	PC2	PC3	PC4	TEX11	TENM4	ALB	SEC31A	CSF2RB
Tumor1	1	Pancan	0.00620617	-0.010522	0.00183624	-0.00665915	1	1	1	1	1
Tumor2	1	Pancan	0.00615042	-0.0100347	0.00111077	-0.00683782	0	1	1	0	1
Tumor3	1	Pancan	0.00430667	0.0285641	0.00980154	-0.00953	1	0	1	0	0
Normal1	0	TG	0.00830708	-0.0107653	0.00414791	-0.00224601	1	0	0	0	1
Normal2	0	TG	0.0081243	-0.0115336	0.00348626	-0.00485295	0	0	0	1	1
Normal3	0	TG	0.00871091	-0.00903428	0.00138831	-0.00170167	0	0	1	0	0
